地点番号,管区コード,アメダス府県コード,観測所区分,カナ地点名,緯度,経度,漢字地点名,漢字官署名,都道府県振興局名,block_no,latitude,longtitude,府県名,番号
401,1,11,4,ﾜﾂｶﾅｲ,452490,1414070,稚内,稚内地方気象台,宗谷支庁,47401,45.415,141.67833333333334,,
401,1,11,4,ﾜﾂｶﾅｲ,452490,1414070,稚内,稚内地方気象台,宗谷総合,47401,45.415,141.67833333333334,,
402,1,11,5,ｷﾀﾐｴｻｼ,445640,1423510,北見枝幸,北見枝幸測候所,宗谷支庁,47402,44.94,142.585,,
402,1,11,8,ｷﾀﾐｴｻｼ,445640,1423510,北見枝幸,稚内地方気象台,宗谷支庁,47402,44.94,142.585,,
402,1,11,8,ｷﾀﾐｴｻｼ,445640,1423510,北見枝幸,稚内地方気象台,宗谷総合,47402,44.94,142.585,,
404,1,13,5,ﾊﾎﾞﾛ,442180,1414200,羽幌,羽幌測候所,留萌支庁,47404,44.36333333333334,141.7,,
404,1,13,8,ﾊﾎﾞﾛ,442180,1414200,羽幌,旭川地方気象台,留萌支庁,47404,44.36333333333334,141.7,,
404,1,13,8,ﾊﾎﾞﾛ,442180,1414200,羽幌,旭川地方気象台,留萌振興,47404,44.36333333333334,141.7,,
405,1,17,5,ｵｳﾑ,443480,1425780,雄武,雄武測候所,網走支庁,47405,44.58,142.96333333333334,,
405,1,17,8,ｵｳﾑ,443480,1425780,雄武,網走地方気象台,網走支庁,47405,44.58,142.96333333333334,,
405,1,17,8,ｵｳﾑ,443480,1425780,雄武,網走地方気象台,オホーツ,47405,44.58,142.96333333333334,,
406,1,13,5,ﾙﾓｲ,435670,1413790,留萌,留萌測候所,留萌支庁,47406,43.945,141.63166666666666,,
406,1,13,8,ﾙﾓｲ,435670,1413790,留萌,旭川地方気象台,留萌支庁,47406,43.945,141.63166666666666,,
406,1,13,8,ﾙﾓｲ,435670,1413790,留萌,旭川地方気象台,留萌振興,47406,43.945,141.63166666666666,,
407,1,12,4,ｱｻﾋｶﾜ,434630,1422210,旭川,旭川地方気象台,上川支庁,47407,43.77166666666667,142.36833333333334,,
407,1,12,4,ｱｻﾋｶﾜ,434540,1422230,旭川,旭川地方気象台,上川支庁,47407,43.75666666666667,142.37166666666667,,
407,1,12,4,ｱｻﾋｶﾜ,434540,1422230,旭川,旭川地方気象台,上川総合,47407,43.75666666666667,142.37166666666667,,
409,1,17,4,ｱﾊﾞｼﾘ,440100,1441670,網走,網走地方気象台,網走支庁,47409,44.016666666666666,144.27833333333334,,
409,1,17,4,ｱﾊﾞｼﾘ,440100,1441670,網走,網走地方気象台,オホーツ,47409,44.016666666666666,144.27833333333334,,
411,1,16,5,ｵﾀﾙ,431090,1410100,小樽,小樽測候所,後志支庁,47411,43.181666666666665,141.01666666666668,,
411,1,16,8,ｵﾀﾙ,431090,1410100,小樽,札幌管区気象台,後志支庁,47411,43.181666666666665,141.01666666666668,,
411,1,16,8,ｵﾀﾙ,431090,1410100,小樽,札幌管区気象台,後志総合,47411,43.181666666666665,141.01666666666668,,
411,1,16,8,ｵﾀﾙ,431090,1410090,小樽,札幌管区気象台,後志総合,47411,43.181666666666665,141.015,,
412,1,14,1,ｻﾂﾎﾟﾛ,430360,1411970,札幌,札幌管区気象台,石狩支庁,47412,43.06,141.32833333333335,,
412,1,14,1,ｻﾂﾎﾟﾛ,430360,1411970,札幌,札幌管区気象台,石狩振興,47412,43.06,141.32833333333335,,
413,1,15,5,ｲﾜﾐｻﾞﾜ,431270,1414710,岩見沢,岩見沢測候所,空知支庁,47413,43.211666666666666,141.785,,
413,1,15,8,ｲﾜﾐｻﾞﾜ,431270,1414710,岩見沢,札幌管区気象台,空知支庁,47413,43.211666666666666,141.785,,
413,1,15,8,ｲﾜﾐｻﾞﾜ,431270,1414710,岩見沢,札幌管区気象台,空知総合,47413,43.211666666666666,141.785,,
417,1,20,5,ｵﾋﾞﾋﾛ,425530,1431270,帯広,帯広測候所,十勝支庁,47417,42.92166666666667,143.21166666666667,,
417,1,20,5,ｵﾋﾞﾋﾛ,425530,1431270,帯広,帯広測候所,十勝総合,47417,42.92166666666667,143.21166666666667,,
418,1,19,4,ｸｼﾛ,425910,1442370,釧路,釧路地方気象台,釧路支庁,47418,42.985,144.395,,
418,1,19,4,ｸｼﾛ,425910,1442260,釧路,釧路地方気象台,釧路支庁,47418,42.985,144.37666666666667,,
418,1,19,4,ｸｼﾛ,425910,1442260,釧路,釧路地方気象台,釧路総合,47418,42.985,144.37666666666667,,
420,1,18,5,ﾈﾑﾛ,431980,1453510,根室,根室測候所,根室支庁,47420,43.33,145.585,,
420,1,18,5,ﾈﾑﾛ,431980,1453510,根室,根室測候所,根室振興,47420,43.33,145.585,,
420,1,18,8,ﾈﾑﾛ,431980,1453510,根室,釧路地方気象台,根室振興,47420,43.33,145.585,,
421,1,16,5,ｽﾂﾂ,424710,1401370,寿都,寿都測候所,後志支庁,47421,42.785,140.22833333333332,,
421,1,16,5,ｽﾂﾂ,424770,1401340,寿都,寿都測候所,後志支庁,47421,42.795,140.22333333333333,,
421,1,16,8,ｽﾂﾂ,424770,1401340,寿都,札幌管区気象台,後志支庁,47421,42.795,140.22333333333333,,
421,1,16,8,ｽﾂﾂ,424770,1401340,寿都,札幌管区気象台,後志総合,47421,42.795,140.22333333333333,,
423,1,21,4,ﾑﾛﾗﾝ,421870,1405850,室蘭,室蘭地方気象台,胆振支庁,47423,42.31166666666667,140.975,,
423,1,21,4,ﾑﾛﾗﾝ,421870,1405850,室蘭,室蘭地方気象台,胆振総合,47423,42.31166666666667,140.975,,
424,1,21,5,ﾄﾏｺﾏｲ,423740,1413280,苫小牧,苫小牧測候所,胆振支庁,47424,42.623333333333335,141.54666666666665,,
424,1,21,8,ﾄﾏｺﾏｲ,423740,1413280,苫小牧,室蘭地方気象台,胆振支庁,47424,42.623333333333335,141.54666666666665,,
424,1,21,8,ﾄﾏｺﾏｲ,423740,1413280,苫小牧,室蘭地方気象台,胆振総合,47424,42.623333333333335,141.54666666666665,,
426,1,22,5,ｳﾗｶﾜ,420970,1424660,浦河,浦河測候所,日高支庁,47426,42.16166666666667,142.77666666666667,,
426,1,22,8,ｳﾗｶﾜ,420970,1424660,浦河,室蘭地方気象台,日高支庁,47426,42.16166666666667,142.77666666666667,,
426,1,22,8,ｳﾗｶﾜ,420970,1424660,浦河,室蘭地方気象台,日高振興,47426,42.16166666666667,142.77666666666667,,
428,1,24,5,ｴｻｼ,415200,1400740,江差,江差測候所,檜山支庁,47428,41.86666666666667,140.12333333333333,,
428,1,24,8,ｴｻｼ,415200,1400740,江差,函館海洋気象台,檜山支庁,47428,41.86666666666667,140.12333333333333,,
428,1,24,8,ｴｻｼ,415200,1400740,江差,函館海洋気象台,檜山振興,47428,41.86666666666667,140.12333333333333,,
428,1,24,8,ｴｻｼ,415200,1400740,江差,函館地方気象台,檜山振興,47428,41.86666666666667,140.12333333333333,,
429,1,23,5,ﾓﾘ,420610,1403370,森,森測候所,渡島支庁,47429,42.10166666666667,140.56166666666667,,
429,1,23,5,ﾓﾘ,420640,1403440,森,森測候所,渡島支庁,47429,42.10666666666667,140.57333333333332,,
430,1,23,3,ﾊｺﾀﾞﾃ,414900,1404520,函館,函館海洋気象台,渡島支庁,47430,41.81666666666667,140.75333333333333,,
430,1,23,3,ﾊｺﾀﾞﾃ,414900,1404520,函館,函館海洋気象台,渡島総合,47430,41.81666666666667,140.75333333333333,,
430,1,23,4,ﾊｺﾀﾞﾃ,414900,1404520,函館,函館地方気象台,渡島総合,47430,41.81666666666667,140.75333333333333,,
433,1,16,5,ｸﾂﾁﾔﾝ,425410,1404470,倶知安,倶知安測候所,後志支庁,47433,42.901666666666664,140.745,,
433,1,16,5,ｸﾂﾁﾔﾝ,425400,1404540,倶知安,倶知安測候所,後志支庁,47433,42.9,140.75666666666666,,
433,1,16,8,ｸﾂﾁﾔﾝ,425400,1404540,倶知安,札幌管区気象台,後志支庁,47433,42.9,140.75666666666666,,
433,1,16,8,ｸﾂﾁﾔﾝ,425400,1404540,倶知安,札幌管区気象台,後志総合,47433,42.9,140.75666666666666,,
435,1,17,5,ﾓﾝﾍﾞﾂ,442070,1432130,紋別,紋別測候所,網走支庁,47435,44.345,143.355,,
435,1,17,8,ﾓﾝﾍﾞﾂ,442070,1432130,紋別,網走地方気象台,網走支庁,47435,44.345,143.355,,
435,1,17,8,ﾓﾝﾍﾞﾂ,442070,1432130,紋別,網走地方気象台,オホーツ,47435,44.345,143.355,,
440,1,20,5,ﾋﾛｵ,421760,1431890,広尾,広尾測候所,十勝支庁,47440,42.29333333333334,143.315,,
440,1,20,8,ﾋﾛｵ,421760,1431890,広尾,釧路地方気象台,十勝支庁,47440,42.29333333333334,143.315,,
440,1,20,8,ﾋﾛｵ,421760,1431890,広尾,釧路地方気象台,十勝総合,47440,42.29333333333334,143.315,,
440,1,20,8,ﾋﾛｵ,421760,1431900,広尾,釧路地方気象台,十勝総合,47440,42.29333333333334,143.31666666666666,,
512,2,33,5,ｵｵﾌﾅﾄ,390380,1414280,大船渡,大船渡測候所,岩手県,47512,39.06333333333333,141.71333333333334,岩手県,33.0
512,2,33,8,ｵｵﾌﾅﾄ,390380,1414280,大船渡,盛岡地方気象台,岩手県,47512,39.06333333333333,141.71333333333334,岩手県,33.0
520,2,35,5,ｼﾝｼﾞﾖｳ,384540,1401870,新庄,新庄測候所,山形県,47520,38.75666666666667,140.31166666666667,山形県,35.0
520,2,35,8,ｼﾝｼﾞﾖｳ,384540,1401870,新庄,山形地方気象台,山形県,47520,38.75666666666667,140.31166666666667,山形県,35.0
570,2,36,5,ﾜｶﾏﾂ,372930,1395460,若松,若松測候所,福島県,47570,37.48833333333334,139.91,福島県,36.0
570,2,36,8,ﾜｶﾏﾂ,372930,1395460,若松,福島地方気象台,福島県,47570,37.48833333333334,139.91,福島県,36.0
574,2,31,5,ﾌｶｳﾗ,403870,1395590,深浦,深浦測候所,青森県,47574,40.645,139.93166666666667,青森県,31.0
574,2,31,8,ﾌｶｳﾗ,403870,1395590,深浦,青森地方気象台,青森県,47574,40.645,139.93166666666667,青森県,31.0
575,2,31,4,ｱｵﾓﾘ,404910,1404670,青森,青森地方気象台,青森県,47575,40.818333333333335,140.77833333333334,青森県,31.0
575,2,31,4,ｱｵﾓﾘ,404930,1404610,青森,青森地方気象台,青森県,47575,40.821666666666665,140.76833333333335,青森県,31.0
576,2,31,5,ﾑﾂ,411700,1411260,むつ,むつ測候所,青森県,47576,41.28333333333333,141.21,青森県,31.0
576,2,31,8,ﾑﾂ,411700,1411260,むつ,青森地方気象台,青森県,47576,41.28333333333333,141.21,青森県,31.0
581,2,31,5,ﾊﾁﾉﾍ,403160,1413130,八戸,八戸測候所,青森県,47581,40.526666666666664,141.52166666666668,青森県,31.0
581,2,31,8,ﾊﾁﾉﾍ,403160,1413130,八戸,青森地方気象台,青森県,47581,40.526666666666664,141.52166666666668,青森県,31.0
582,2,32,4,ｱｷﾀ,394300,1400590,秋田,秋田地方気象台,秋田県,47582,39.71666666666667,140.09833333333333,秋田県,32.0
584,2,33,4,ﾓﾘｵｶ,394190,1410990,盛岡,盛岡地方気象台,岩手県,47584,39.69833333333333,141.165,岩手県,33.0
585,2,33,5,ﾐﾔｺ,393880,1415790,宮古,宮古測候所,岩手県,47585,39.64666666666667,141.965,岩手県,33.0
585,2,33,8,ﾐﾔｺ,393880,1415790,宮古,盛岡地方気象台,岩手県,47585,39.64666666666667,141.965,岩手県,33.0
587,2,35,5,ｻｶﾀ,385450,1395060,酒田,酒田測候所,山形県,47587,38.90833333333333,139.84333333333333,山形県,35.0
587,2,35,8,ｻｶﾀ,385450,1395060,酒田,山形地方気象台,山形県,47587,38.90833333333333,139.84333333333333,山形県,35.0
588,2,35,4,ﾔﾏｶﾞﾀ,381530,1402070,山形,山形地方気象台,山形県,47588,38.255,140.345,山形県,35.0
590,2,34,1,ｾﾝﾀﾞｲ,381570,1405380,仙台,仙台管区気象台,宮城県,47590,38.26166666666666,140.89666666666668,宮城県,34.0
592,2,34,5,ｲｼﾉﾏｷ,382560,1411790,石巻,石巻測候所,宮城県,47592,38.42666666666667,141.29833333333335,宮城県,34.0
592,2,34,8,ｲｼﾉﾏｷ,382560,1411790,石巻,仙台管区気象台,宮城県,47592,38.42666666666667,141.29833333333335,宮城県,34.0
595,2,36,4,ﾌｸｼﾏ,374550,1402820,福島,福島地方気象台,福島県,47595,37.75833333333333,140.47,福島県,36.0
597,2,36,5,ｼﾗｶﾜ,370710,1401280,白河,白河測候所,福島県,47597,37.11833333333333,140.21333333333334,福島県,36.0
597,2,36,5,ｼﾗｶﾜ,370790,1401290,白河,白河測候所,福島県,47597,37.13166666666667,140.215,福島県,36.0
597,2,36,8,ｼﾗｶﾜ,370790,1401290,白河,福島地方気象台,福島県,47597,37.13166666666667,140.215,福島県,36.0
598,2,36,5,ｵﾅﾊﾏ,365680,1405420,小名浜,小名浜測候所,福島県,47598,36.946666666666665,140.90333333333334,福島県,36.0
598,2,36,8,ｵﾅﾊﾏ,365680,1405420,小名浜,福島地方気象台,福島県,47598,36.946666666666665,140.90333333333334,福島県,36.0
600,3,56,5,ﾜｼﾞﾏ,372350,1365370,輪島,輪島測候所,石川県,47600,37.391666666666666,136.895,石川県,56.0
600,3,56,8,ﾜｼﾞﾏ,372350,1365370,輪島,金沢地方気象台,石川県,47600,37.391666666666666,136.895,石川県,56.0
600,3,56,8,ﾜｼﾞﾏ,372340,1365370,輪島,金沢地方気象台,石川県,47600,37.39,136.895,石川県,56.0
602,3,54,5,ｱｲｶﾜ,380110,1381480,相川,相川測候所,新潟県,47602,38.01833333333333,138.24666666666667,新潟県,54.0
602,3,54,5,ｱｲｶﾜ,380170,1381440,相川,相川測候所,新潟県,47602,38.028333333333336,138.24,新潟県,54.0
602,3,54,8,ｱｲｶﾜ,380170,1381440,相川,新潟地方気象台,新潟県,47602,38.028333333333336,138.24,新潟県,54.0
604,3,54,2,ﾆｲｶﾞﾀ,375470,1390280,新潟,新潟地方気象台,新潟県,47604,37.91166666666667,139.04666666666665,新潟県,54.0
604,3,54,2,ﾆｲｶﾞﾀ,375360,1390110,新潟,新潟地方気象台,新潟県,47604,37.89333333333333,139.01833333333335,新潟県,54.0
605,3,56,4,ｶﾅｻﾞﾜ,363310,1363880,金沢,金沢地方気象台,石川県,47605,36.55166666666667,136.64666666666668,石川県,56.0
605,3,56,4,ｶﾅｻﾞﾜ,363530,1363800,金沢,金沢地方気象台,石川県,47605,36.58833333333333,136.63333333333333,石川県,56.0
606,3,55,5,ﾌｼｷ,364750,1370330,伏木,伏木測候所,富山県,47606,36.791666666666664,137.055,富山県,55.0
606,3,55,8,ﾌｼｷ,364750,1370330,伏木,富山地方気象台,富山県,47606,36.791666666666664,137.055,富山県,55.0
607,3,55,4,ﾄﾔﾏ,364250,1371210,富山,富山地方気象台,富山県,47607,36.708333333333336,137.20166666666665,富山県,55.0
610,3,48,4,ﾅｶﾞﾉ,363970,1381150,長野,長野地方気象台,長野県,47610,36.66166666666667,138.19166666666666,長野県,48.0
612,3,54,5,ﾀｶﾀﾞ,370640,1381480,高田,高田測候所,新潟県,47612,37.10666666666667,138.24666666666667,新潟県,54.0
612,3,54,8,ﾀｶﾀﾞ,370640,1381480,高田,新潟地方気象台,新潟県,47612,37.10666666666667,138.24666666666667,新潟県,54.0
615,3,41,4,ｳﾂﾉﾐﾔ,363290,1395210,宇都宮,宇都宮地方気象台,栃木県,47615,36.54833333333333,139.86833333333334,栃木県,41.0
616,3,57,4,ﾌｸｲ,360330,1361330,福井,福井地方気象台,福井県,47616,36.055,136.22166666666666,福井県,57.0
617,3,52,5,ﾀｶﾔﾏ,360930,1371520,高山,高山測候所,岐阜県,47617,36.155,137.25333333333333,岐阜県,52.0
617,3,52,8,ﾀｶﾔﾏ,360930,1371520,高山,岐阜地方気象台,岐阜県,47617,36.155,137.25333333333333,岐阜県,52.0
618,3,48,5,ﾏﾂﾓﾄ,361470,1375820,松本,松本測候所,長野県,47618,36.245,137.97,長野県,48.0
618,3,48,8,ﾏﾂﾓﾄ,361470,1375820,松本,長野地方気象台,長野県,47618,36.245,137.97,長野県,48.0
618,3,48,8,ﾏﾂﾓﾄ,361480,1375820,松本,長野地方気象台,長野県,47618,36.24666666666667,137.97,長野県,48.0
620,3,48,5,ｽﾜ,360270,1380650,諏訪,諏訪測候所,長野県,47620,36.045,138.10833333333332,長野県,48.0
620,3,48,8,ｽﾜ,360270,1380650,諏訪,長野地方気象台,長野県,47620,36.045,138.10833333333332,長野県,48.0
622,3,48,5,ｶﾙｲｻﾞﾜ,362050,1383280,軽井沢,軽井沢測候所,長野県,47622,36.34166666666667,138.54666666666665,長野県,48.0
622,3,48,8,ｶﾙｲｻﾞﾜ,362050,1383280,軽井沢,長野地方気象台,長野県,47622,36.34166666666667,138.54666666666665,長野県,48.0
624,3,42,4,ﾏｴﾊﾞｼ,362430,1390360,前橋,前橋地方気象台,群馬県,47624,36.405,139.06,群馬県,42.0
626,3,43,4,ｸﾏｶﾞﾔ,360900,1392280,熊谷,熊谷地方気象台,埼玉県,47626,36.15,139.38,埼玉県,43.0
629,3,40,4,ﾐﾄ,362280,1402800,水戸,水戸地方気象台,茨城県,47629,36.38,140.46666666666667,茨城県,40.0
631,3,57,5,ﾂﾙｶﾞ,353920,1360370,敦賀,敦賀測候所,福井県,47631,35.653333333333336,136.06166666666667,福井県,57.0
631,3,57,8,ﾂﾙｶﾞ,353920,1360370,敦賀,福井地方気象台,福井県,47631,35.653333333333336,136.06166666666667,福井県,57.0
632,3,52,4,ｷﾞﾌ,352400,1364570,岐阜,岐阜地方気象台,岐阜県,47632,35.4,136.76166666666666,岐阜県,52.0
636,3,51,2,ﾅｺﾞﾔ,351000,1365790,名古屋,名古屋地方気象台,愛知県,47636,35.166666666666664,136.965,愛知県,51.0
637,3,48,5,ｲｲﾀﾞ,353140,1374930,飯田,飯田測候所,長野県,47637,35.52333333333333,137.82166666666666,長野県,48.0
637,3,48,8,ｲｲﾀﾞ,353140,1374930,飯田,長野地方気象台,長野県,47637,35.52333333333333,137.82166666666666,長野県,48.0
638,3,49,4,ｺｳﾌ,354000,1383320,甲府,甲府地方気象台,山梨県,47638,35.666666666666664,138.55333333333334,山梨県,49.0
639,3,50,5,ﾌｼﾞｻﾝ,352110,1384380,富士山,富士山測候所,静岡県,47639,35.35166666666667,138.73,静岡県,50.0
639,3,50,5,ﾌｼﾞｻﾝ,352160,1384360,富士山,富士山測候所,静岡県,47639,35.36,138.72666666666666,静岡県,50.0
639,3,50,8,ﾌｼﾞｻﾝ,352160,1384360,富士山,東京管区気象台,静岡県,47639,35.36,138.72666666666666,静岡県,50.0
640,3,49,5,ｶﾜｸﾞﾁｺ,353000,1384560,河口湖,河口湖測候所,山梨県,47640,35.5,138.76,山梨県,49.0
640,3,49,8,ｶﾜｸﾞﾁｺ,353000,1384560,河口湖,甲府地方気象台,山梨県,47640,35.5,138.76,山梨県,49.0
641,3,43,5,ﾁﾁﾌﾞ,355940,1390440,秩父,秩父測候所,埼玉県,47641,35.99,139.07333333333332,埼玉県,43.0
641,3,43,8,ﾁﾁﾌﾞ,355940,1390440,秩父,熊谷地方気象台,埼玉県,47641,35.99,139.07333333333332,埼玉県,43.0
646,8,40,7,ﾀﾃﾉ,360310,1400780,館野,高層気象台,茨城県,47646,36.05166666666667,140.13,茨城県,40.0
646,8,40,7,ﾀﾃﾉ,360340,1400750,館野,高層気象台,茨城県,47646,36.056666666666665,140.125,茨城県,40.0
648,3,45,4,ﾁﾖｳｼ,354430,1405140,銚子,銚子地方気象台,千葉県,47648,35.73833333333333,140.85666666666665,千葉県,45.0
649,3,53,5,ｳｴﾉ,344570,1360850,上野,上野測候所,三重県,47649,34.76166666666667,136.14166666666668,三重県,53.0
649,3,53,8,ｳｴﾉ,344570,1360850,上野,津地方気象台,三重県,47649,34.76166666666667,136.14166666666668,三重県,53.0
651,3,53,4,ﾂ,344400,1363110,津,津地方気象台,三重県,47651,34.733333333333334,136.51833333333335,三重県,53.0
653,3,51,5,ｲﾗｺ,343770,1370560,伊良湖,伊良湖測候所,愛知県,47653,34.62833333333333,137.09333333333333,愛知県,51.0
653,3,51,8,ｲﾗｺ,343770,1370560,伊良湖,名古屋地方気象台,愛知県,47653,34.62833333333333,137.09333333333333,愛知県,51.0
654,3,50,5,ﾊﾏﾏﾂ,344250,1374310,浜松,浜松測候所,静岡県,47654,34.708333333333336,137.71833333333333,静岡県,50.0
654,3,50,8,ﾊﾏﾏﾂ,344250,1374310,浜松,静岡地方気象台,静岡県,47654,34.708333333333336,137.71833333333333,静岡県,50.0
654,3,50,8,ﾊﾏﾏﾂ,344520,1374270,浜松,静岡地方気象台,静岡県,47654,34.75333333333333,137.71166666666667,静岡県,50.0
655,3,50,5,ｵﾏｴｻﾞｷ,343620,1381270,御前崎,御前崎測候所,静岡県,47655,34.60333333333333,138.21166666666667,静岡県,50.0
655,3,50,8,ｵﾏｴｻﾞｷ,343620,1381270,御前崎,静岡地方気象台,静岡県,47655,34.60333333333333,138.21166666666667,静岡県,50.0
655,3,50,8,ｵﾏｴｻﾞｷ,343620,1381280,御前崎,静岡地方気象台,静岡県,47655,34.60333333333333,138.21333333333334,静岡県,50.0
656,3,50,4,ｼｽﾞｵｶ,345850,1382420,静岡,静岡地方気象台,静岡県,47656,34.975,138.40333333333334,静岡県,50.0
657,3,50,5,ﾐｼﾏ,350680,1385550,三島,三島測候所,静岡県,47657,35.11333333333334,138.925,静岡県,50.0
657,3,50,8,ﾐｼﾏ,350680,1385550,三島,静岡地方気象台,静岡県,47657,35.11333333333334,138.925,静岡県,50.0
662,3,44,1,ﾄｳｷﾖｳ,354140,1394560,東京,東京管区気象台,東京都,47662,35.69,139.76,東京都,44.0
662,3,44,1,ﾄｳｷﾖｳ,354150,1394500,東京,東京管区気象台,東京都,47662,35.69166666666667,139.75,東京都,44.0
663,3,53,5,ｵﾜｾ,340420,1361160,尾鷲,尾鷲測候所,三重県,47663,34.07,136.19333333333333,三重県,53.0
663,3,53,8,ｵﾜｾ,340420,1361160,尾鷲,津地方気象台,三重県,47663,34.07,136.19333333333333,三重県,53.0
663,3,53,8,ｵﾜｾ,340410,1361160,尾鷲,津地方気象台,三重県,47663,34.068333333333335,136.19333333333333,三重県,53.0
666,3,50,5,ｲﾛｳｻﾞｷ,343620,1385050,石廊崎,石廊崎測候所,静岡県,47666,34.60333333333333,138.84166666666667,静岡県,50.0
666,3,50,8,ｲﾛｳｻﾞｷ,343620,1385050,石廊崎,静岡地方気象台,静岡県,47666,34.60333333333333,138.84166666666667,静岡県,50.0
668,3,50,5,ｱｼﾞﾛ,350270,1390550,網代,網代測候所,静岡県,47668,35.045,139.09166666666667,静岡県,50.0
668,3,50,8,ｱｼﾞﾛ,350270,1390550,網代,静岡地方気象台,静岡県,47668,35.045,139.09166666666667,静岡県,50.0
670,3,46,4,ﾖｺﾊﾏ,352630,1393910,横浜,横浜地方気象台,神奈川県,47670,35.43833333333333,139.65166666666667,神奈川県,46.0
672,3,45,5,ﾀﾃﾔﾏ,345920,1395190,館山,館山測候所,千葉県,47672,34.986666666666665,139.865,千葉県,45.0
672,3,45,8,ﾀﾃﾔﾏ,345920,1395190,館山,銚子地方気象台,千葉県,47672,34.986666666666665,139.865,千葉県,45.0
674,3,45,5,ｶﾂｳﾗ,350900,1401870,勝浦,勝浦測候所,千葉県,47674,35.15,140.31166666666667,千葉県,45.0
674,3,45,8,ｶﾂｳﾗ,350900,1401870,勝浦,銚子地方気象台,千葉県,47674,35.15,140.31166666666667,千葉県,45.0
675,3,44,5,ｵｵｼﾏ,344620,1392280,大島,大島測候所,東京都,47675,34.77,139.38,東京都,44.0
675,3,44,5,ｵｵｼﾏ,344490,1392170,大島,大島測候所,東京都,47675,34.748333333333335,139.36166666666668,東京都,44.0
675,3,44,8,ｵｵｼﾏ,344490,1392170,大島,東京管区気象台,東京都,47675,34.748333333333335,139.36166666666668,東京都,44.0
677,3,44,5,ﾐﾔｹｼﾞﾏ,340740,1393130,三宅島,三宅島測候所,東京都,47677,34.123333333333335,139.52166666666668,東京都,44.0
677,3,44,8,ﾐﾔｹｼﾞﾏ,340740,1393130,三宅島,東京管区気象台,東京都,47677,34.123333333333335,139.52166666666668,東京都,44.0
677,3,44,8,ﾐﾔｹｼﾞﾏ,340740,1393120,三宅島,東京管区気象台,東京都,47677,34.123333333333335,139.52,東京都,44.0
678,3,44,5,ﾊﾁｼﾞﾖｳ,330620,1394700,八丈島,八丈島測候所,東京都,47678,33.10333333333333,139.78333333333333,東京都,44.0
678,3,44,5,ﾊﾁｼﾞﾖｳ,330730,1394670,八丈島,八丈島測候所,東京都,47678,33.12166666666667,139.77833333333334,東京都,44.0
678,3,44,8,ﾊﾁｼﾞﾖｳ,330730,1394670,八丈島,東京管区気象台,東京都,47678,33.12166666666667,139.77833333333334,東京都,44.0
682,3,45,5,ﾁﾊﾞ,353610,1400620,千葉,千葉測候所,千葉県,47682,35.60166666666667,140.10333333333332,千葉県,45.0
682,3,45,8,ﾁﾊﾞ,353610,1400620,千葉,銚子地方気象台,千葉県,47682,35.60166666666667,140.10333333333332,千葉県,45.0
684,3,53,5,ﾖﾂｶｲﾁ,345630,1363480,四日市,四日市測候所,三重県,47684,34.93833333333333,136.58,三重県,53.0
684,3,53,8,ﾖﾂｶｲﾁ,345630,1363480,四日市,津地方気象台,三重県,47684,34.93833333333333,136.58,三重県,53.0
684,3,53,8,ﾖﾂｶｲﾁ,345640,1363480,四日市,津地方気象台,三重県,47684,34.94,136.58,三重県,53.0
690,3,41,5,ﾆﾂｺｳ,364430,1393000,日光,日光測候所,栃木県,47690,36.73833333333333,139.5,栃木県,41.0
690,3,41,8,ﾆﾂｺｳ,364430,1393000,日光,宇都宮地方気象台,栃木県,47690,36.73833333333333,139.5,栃木県,41.0
740,4,68,5,ｻｲｺﾞｳ,361220,1332000,西郷,西郷測候所,島根県,47740,36.20333333333333,133.33333333333334,島根県,68.0
740,4,68,8,ｻｲｺﾞｳ,361220,1332000,西郷,松江地方気象台,島根県,47740,36.20333333333333,133.33333333333334,島根県,68.0
741,4,68,4,ﾏﾂｴ,352740,1330390,松江,松江地方気象台,島根県,47741,35.45666666666666,133.065,島根県,68.0
742,4,69,5,ｻｶｲ,353260,1331410,境,境測候所,鳥取県,47742,35.54333333333334,133.235,鳥取県,69.0
742,4,69,8,ｻｶｲ,353260,1331410,境,鳥取地方気象台,鳥取県,47742,35.54333333333334,133.235,鳥取県,69.0
744,4,69,5,ﾖﾅｺﾞ,352600,1332030,米子,米子測候所,鳥取県,47744,35.43333333333333,133.33833333333334,鳥取県,69.0
744,4,69,8,ﾖﾅｺﾞ,352600,1332030,米子,鳥取地方気象台,鳥取県,47744,35.43333333333333,133.33833333333334,鳥取県,69.0
746,4,69,4,ﾄﾂﾄﾘ,352920,1341430,鳥取,鳥取地方気象台,鳥取県,47746,35.486666666666665,134.23833333333334,鳥取県,69.0
747,4,63,5,ﾄﾖｵｶ,353210,1344930,豊岡,豊岡測候所,兵庫県,47747,35.535,134.82166666666666,兵庫県,63.0
747,4,63,8,ﾄﾖｵｶ,353210,1344930,豊岡,神戸海洋気象台,兵庫県,47747,35.535,134.82166666666666,兵庫県,63.0
747,4,63,8,ﾄﾖｵｶ,353210,1344930,豊岡,神戸地方気象台,兵庫県,47747,35.535,134.82166666666666,兵庫県,63.0
750,4,61,3,ﾏｲﾂﾞﾙ,352700,1351900,舞鶴,舞鶴海洋気象台,京都府,47750,35.45,135.31666666666666,京都府,61.0
750,4,61,8,ﾏｲﾂﾞﾙ,352700,1351900,舞鶴,京都地方気象台,京都府,47750,35.45,135.31666666666666,京都府,61.0
751,4,60,5,ｲﾌﾞｷﾔﾏ,352510,1362480,伊吹山,伊吹山測候所,滋賀県,47751,35.41833333333334,136.41333333333333,滋賀県,60.0
754,5,81,5,ﾊｷﾞ,342490,1312350,萩,萩測候所,山口県,47754,34.415,131.39166666666668,山口県,81.0
754,5,81,8,ﾊｷﾞ,342490,1312350,萩,下関地方気象台,山口県,47754,34.415,131.39166666666668,山口県,81.0
754,5,81,8,ﾊｷﾞ,342460,1312430,萩,下関地方気象台,山口県,47754,34.41,131.405,山口県,81.0
755,4,68,5,ﾊﾏﾀﾞ,345380,1320420,浜田,浜田測候所,島根県,47755,34.89666666666667,132.07,島根県,68.0
755,4,68,8,ﾊﾏﾀﾞ,345380,1320420,浜田,松江地方気象台,島根県,47755,34.89666666666667,132.07,島根県,68.0
756,4,66,5,ﾂﾔﾏ,350380,1340050,津山,津山測候所,岡山県,47756,35.06333333333333,134.00833333333333,岡山県,66.0
756,4,66,8,ﾂﾔﾏ,350380,1340050,津山,岡山地方気象台,岡山県,47756,35.06333333333333,134.00833333333333,岡山県,66.0
759,4,61,4,ｷﾖｳﾄ,350090,1354390,京都,京都地方気象台,京都府,47759,35.015,135.73166666666665,京都府,61.0
759,4,61,4,ｷﾖｳﾄ,350080,1354390,京都,京都地方気象台,京都府,47759,35.013333333333335,135.73166666666665,京都府,61.0
761,4,60,4,ﾋｺﾈ,351650,1361460,彦根,彦根地方気象台,滋賀県,47761,35.275,136.24333333333334,滋賀県,60.0
762,5,81,4,ｼﾓﾉｾｷ,335690,1305550,下関,下関地方気象台,山口県,47762,33.94833333333333,130.925,山口県,81.0
765,4,67,2,ﾋﾛｼﾏ,342390,1322770,広島,広島地方気象台 ,広島県,47765,34.39833333333333,132.46166666666667,広島県,67.0
765,4,67,2,ﾋﾛｼﾏ,342390,1322770,広島,広島地方気象台,広島県,47765,34.39833333333333,132.46166666666667,広島県,67.0
766,4,67,5,ｸﾚ,341440,1323300,呉,呉測候所,広島県,47766,34.24,132.55,広島県,67.0
766,4,67,8,ｸﾚ,341440,1323300,呉,広島地方気象台,広島県,47766,34.24,132.55,広島県,67.0
767,4,67,5,ﾌｸﾔﾏ,342680,1331480,福山,福山測候所,広島県,47767,34.446666666666665,133.24666666666667,広島県,67.0
767,4,67,8,ﾌｸﾔﾏ,342680,1331480,福山,広島地方気象台,広島県,47767,34.446666666666665,133.24666666666667,広島県,67.0
768,4,66,4,ｵｶﾔﾏ,343960,1335500,岡山,岡山地方気象台,岡山県,47768,34.66,133.91666666666666,岡山県,66.0
768,4,66,4,ｵｶﾔﾏ,344110,1335550,岡山,岡山地方気象台,岡山県,47768,34.685,133.925,岡山県,66.0
769,4,63,5,ﾋﾒｼﾞ,345030,1344020,姫路,姫路測候所,兵庫県,47769,34.83833333333333,134.67,兵庫県,63.0
769,4,63,8,ﾋﾒｼﾞ,345030,1344020,姫路,神戸海洋気象台,兵庫県,47769,34.83833333333333,134.67,兵庫県,63.0
769,4,63,8,ﾋﾒｼﾞ,345030,1344020,姫路,神戸地方気象台,兵庫県,47769,34.83833333333333,134.67,兵庫県,63.0
770,4,63,3,ｺｳﾍﾞ,344110,1351080,神戸,神戸海洋気象台,兵庫県,47770,34.685,135.18,兵庫県,63.0
770,4,63,3,ｺｳﾍﾞ,344180,1351270,神戸,神戸海洋気象台,兵庫県,47770,34.696666666666665,135.21166666666667,兵庫県,63.0
770,4,63,4,ｺｳﾍﾞ,344180,1351270,神戸,神戸地方気象台,兵庫県,47770,34.696666666666665,135.21166666666667,兵庫県,63.0
772,4,62,1,ｵｵｻｶ,344090,1353110,大阪,大阪管区気象台,大阪府,47772,34.681666666666665,135.51833333333335,大阪府,62.0
776,4,63,5,ｽﾓﾄ,342030,1345430,洲本,洲本測候所,兵庫県,47776,34.33833333333333,134.905,兵庫県,63.0
776,4,63,8,ｽﾓﾄ,342030,1345430,洲本,神戸海洋気象台,兵庫県,47776,34.33833333333333,134.905,兵庫県,63.0
776,4,63,8,ｽﾓﾄ,342030,1345430,洲本,神戸地方気象台,兵庫県,47776,34.33833333333333,134.905,兵庫県,63.0
776,4,63,8,ｽﾓﾄ,341860,1345090,洲本,神戸地方気象台,兵庫県,47776,34.31,134.84833333333333,兵庫県,63.0
777,4,65,4,ﾜｶﾔﾏ,341370,1350980,和歌山,和歌山地方気象台,和歌山県,47777,34.22833333333333,135.16333333333333,和歌山県,65.0
778,4,65,5,ｼｵﾉﾐｻｷ,332700,1354560,潮岬,潮岬測候所,和歌山県,47778,33.45,135.76,和歌山県,65.0
778,4,65,8,ｼｵﾉﾐｻｷ,332700,1354560,潮岬,和歌山地方気象台,和歌山県,47778,33.45,135.76,和歌山県,65.0
778,4,65,8,ｼｵﾉﾐｻｷ,332700,1354540,潮岬,和歌山地方気象台,和歌山県,47778,33.45,135.75666666666666,和歌山県,65.0
780,4,64,4,ﾅﾗ,344160,1354960,奈良,奈良地方気象台,奈良県,47780,34.693333333333335,135.82666666666665,奈良県,64.0
780,4,64,4,ﾅﾗ,344040,1355020,奈良,奈良地方気象台,奈良県,47780,34.67333333333333,135.83666666666667,奈良県,64.0
784,5,81,5,ﾔﾏｸﾞﾁ,340960,1312720,山口,山口測候所,山口県,47784,34.16,131.45333333333335,山口県,81.0
784,5,81,8,ﾔﾏｸﾞﾁ,340960,1312720,山口,下関地方気象台,山口県,47784,34.16,131.45333333333335,山口県,81.0
784,5,81,8,ﾔﾏｸﾞﾁ,340970,1312770,山口,下関地方気象台,山口県,47784,34.16166666666667,131.46166666666667,山口県,81.0
800,5,84,5,ｲﾂﾞﾊﾗ,341180,1291750,厳原,厳原測候所,長崎県,47800,34.196666666666665,129.29166666666666,長崎県,84.0
800,5,84,8,ｲﾂﾞﾊﾗ,341180,1291750,厳原,長崎海洋気象台,長崎県,47800,34.196666666666665,129.29166666666666,長崎県,84.0
800,5,84,8,ｲﾂﾞﾊﾗ,341180,1291750,厳原,長崎地方気象台,長崎県,47800,34.196666666666665,129.29166666666666,長崎県,84.0
805,5,84,5,ﾋﾗﾄﾞ,332160,1293300,平戸,平戸測候所,長崎県,47805,33.36,129.55,長崎県,84.0
805,5,84,8,ﾋﾗﾄﾞ,332160,1293300,平戸,長崎海洋気象台,長崎県,47805,33.36,129.55,長崎県,84.0
805,5,84,8,ﾋﾗﾄﾞ,332160,1293300,平戸,長崎地方気象台,長崎県,47805,33.36,129.55,長崎県,84.0
807,5,82,1,ﾌｸｵｶ,333490,1302250,福岡,福岡管区気象台,福岡県,47807,33.58166666666666,130.375,福岡県,82.0
809,5,82,5,ｲｲﾂﾞｶ,333910,1304160,飯塚,飯塚測候所,福岡県,47809,33.651666666666664,130.69333333333333,福岡県,82.0
809,5,82,8,ｲｲﾂﾞｶ,333910,1304160,飯塚,福岡管区気象台,福岡県,47809,33.651666666666664,130.69333333333333,福岡県,82.0
812,5,84,5,ｻｾﾎﾞ,330950,1294360,佐世保,佐世保測候所,長崎県,47812,33.15833333333333,129.72666666666666,長崎県,84.0
812,5,84,8,ｻｾﾎﾞ,330950,1294360,佐世保,長崎海洋気象台,長崎県,47812,33.15833333333333,129.72666666666666,長崎県,84.0
812,5,84,8,ｻｾﾎﾞ,330950,1294360,佐世保,長崎地方気象台,長崎県,47812,33.15833333333333,129.72666666666666,長崎県,84.0
813,5,85,4,ｻｶﾞ,331510,1301780,佐賀,佐賀地方気象台,佐賀県,47813,33.251666666666665,130.29666666666665,佐賀県,85.0
813,5,85,4,ｻｶﾞ,331590,1301830,佐賀,佐賀地方気象台,佐賀県,47813,33.265,130.305,佐賀県,85.0
814,5,83,5,ﾋﾀ,331930,1305570,日田,日田測候所,大分県,47814,33.321666666666665,130.92833333333334,大分県,83.0
814,5,83,8,ﾋﾀ,331930,1305570,日田,大分地方気象台,大分県,47814,33.321666666666665,130.92833333333334,大分県,83.0
815,5,83,4,ｵｵｲﾀ,331410,1313710,大分,大分地方気象台,大分県,47815,33.235,131.61833333333334,大分県,83.0
817,5,84,3,ﾅｶﾞｻｷ,324400,1295200,長崎,長崎海洋気象台,長崎県,47817,32.733333333333334,129.86666666666667,長崎県,84.0
817,5,84,4,ﾅｶﾞｻｷ,324400,1295200,長崎,長崎地方気象台,長崎県,47817,32.733333333333334,129.86666666666667,長崎県,84.0
818,5,,,ｳﾝｾﾞﾝﾀﾞｹ,324420,1301570,雲仙岳,雲仙岳測候所,長崎県,47818,32.736666666666665,130.26166666666666,長崎県,84.0
818,5,,5,ｳﾝｾﾞﾝﾀﾞｹ,324420,1301570,雲仙岳,雲仙岳測候所,長崎県,47818,32.736666666666665,130.26166666666666,長崎県,84.0
818,5,84,5,ｳﾝｾﾞﾝﾀﾞｹ,324420,1301570,雲仙岳,雲仙岳測候所,長崎県,47818,32.736666666666665,130.26166666666666,長崎県,84.0
818,5,84,8,ｳﾝｾﾞﾝﾀﾞｹ,324420,1301570,雲仙岳,長崎海洋気象台,長崎県,47818,32.736666666666665,130.26166666666666,長崎県,84.0
818,5,84,8,ｳﾝｾﾞﾝﾀﾞｹ,324420,1301570,雲仙岳,長崎地方気象台,長崎県,47818,32.736666666666665,130.26166666666666,長崎県,84.0
819,5,86,4,ｸﾏﾓﾄ,324880,1304240,熊本,熊本地方気象台,熊本県,47819,32.81333333333333,130.70666666666668,熊本県,86.0
821,5,86,5,ｱｿｻﾝ,325280,1310440,阿蘇山,阿蘇山測候所,熊本県,47821,32.88,131.07333333333332,熊本県,86.0
821,5,86,8,ｱｿｻﾝ,325280,1310440,阿蘇山,熊本地方気象台,熊本県,47821,32.88,131.07333333333332,熊本県,86.0
822,5,87,5,ﾉﾍﾞｵｶ,323490,1313940,延岡,延岡測候所,宮崎県,47822,32.58166666666666,131.65666666666667,宮崎県,87.0
822,5,87,8,ﾉﾍﾞｵｶ,323490,1313940,延岡,宮崎地方気象台,宮崎県,47822,32.58166666666666,131.65666666666667,宮崎県,87.0
823,5,88,5,ｱｸﾈ,320160,1301200,阿久根,阿久根測候所,鹿児島県,47823,32.026666666666664,130.2,鹿児島県,88.0
823,5,88,8,ｱｸﾈ,320160,1301200,阿久根,鹿児島地方気象台,鹿児島県,47823,32.026666666666664,130.2,鹿児島県,88.0
824,5,86,5,ﾋﾄﾖｼ,321300,1304530,人吉,人吉測候所,熊本県,47824,32.21666666666667,130.755,熊本県,86.0
824,5,86,8,ﾋﾄﾖｼ,321300,1304530,人吉,熊本地方気象台,熊本県,47824,32.21666666666667,130.755,熊本県,86.0
827,5,88,2,ｶｺﾞｼﾏ,313420,1303280,鹿児島,鹿児島地方気象台,鹿児島県,47827,31.57,130.54666666666665,鹿児島県,88.0
827,5,88,2,ｶｺﾞｼﾏ,313330,1303280,鹿児島,鹿児島地方気象台,鹿児島県,47827,31.555,130.54666666666665,鹿児島県,88.0
829,5,87,5,ﾐﾔｺﾉｼﾞﾖｳ,314380,1310480,都城,都城測候所,宮崎県,47829,31.73,131.08,宮崎県,87.0
829,5,87,8,ﾐﾔｺﾉｼﾞﾖｳ,314380,1310480,都城,宮崎地方気象台,宮崎県,47829,31.73,131.08,宮崎県,87.0
829,5,87,8,ﾐﾔｺﾉｼﾞﾖｳ,314380,1310490,都城,宮崎地方気象台,宮崎県,47829,31.73,131.08166666666668,宮崎県,87.0
830,5,87,4,ﾐﾔｻﾞｷ,315520,1312480,宮崎,宮崎地方気象台,宮崎県,47830,31.92,131.41333333333333,宮崎県,87.0
830,5,87,4,ﾐﾔｻﾞｷ,315630,1312480,宮崎,宮崎地方気象台,宮崎県,47830,31.938333333333333,131.41333333333333,宮崎県,87.0
831,5,88,5,ﾏｸﾗｻﾞｷ,311630,1301750,枕崎,枕崎測候所,鹿児島県,47831,31.27166666666667,130.29166666666666,鹿児島県,88.0
831,5,88,8,ﾏｸﾗｻﾞｷ,311630,1301750,枕崎,鹿児島地方気象台,鹿児島県,47831,31.27166666666667,130.29166666666666,鹿児島県,88.0
835,5,87,5,ｱﾌﾞﾗﾂ,313470,1312440,油津,油津測候所,宮崎県,47835,31.578333333333333,131.40666666666667,宮崎県,87.0
835,5,87,8,ｱﾌﾞﾗﾂ,313470,1312440,油津,宮崎地方気象台,宮崎県,47835,31.578333333333333,131.40666666666667,宮崎県,87.0
836,5,88,5,ﾔｸｼﾏ,302290,1303950,屋久島,屋久島測候所,鹿児島県,47836,30.381666666666668,130.65833333333333,鹿児島県,88.0
836,5,88,5,ﾔｸｼﾏ,302310,1303950,屋久島,屋久島測候所,鹿児島県,47836,30.385,130.65833333333333,鹿児島県,88.0
836,5,88,8,ﾔｸｼﾏ,302310,1303950,屋久島,鹿児島地方気象台,鹿児島県,47836,30.385,130.65833333333333,鹿児島県,88.0
837,5,88,5,ﾀﾈｶﾞｼﾏ,304430,1305940,種子島,種子島測候所,鹿児島県,47837,30.738333333333333,130.99,鹿児島県,88.0
837,5,88,5,ﾀﾈｶﾞｼﾏ,304320,1305890,種子島,種子島測候所,鹿児島県,47837,30.72,130.98166666666665,鹿児島県,88.0
837,5,88,8,ﾀﾈｶﾞｼﾏ,304320,1305890,種子島,鹿児島地方気象台,鹿児島県,47837,30.72,130.98166666666665,鹿児島県,88.0
838,5,86,5,ｳｼﾌﾞｶ,321180,1300160,牛深,牛深測候所,熊本県,47838,32.196666666666665,130.02666666666667,熊本県,86.0
838,5,86,8,ｳｼﾌﾞｶ,321180,1300160,牛深,熊本地方気象台,熊本県,47838,32.196666666666665,130.02666666666667,熊本県,86.0
843,5,84,5,ﾌｸｴ,324160,1284960,福江,福江測候所,長崎県,47843,32.693333333333335,128.82666666666665,長崎県,84.0
843,5,84,8,ﾌｸｴ,324160,1284960,福江,長崎海洋気象台,長崎県,47843,32.693333333333335,128.82666666666665,長崎県,84.0
843,5,84,8,ﾌｸｴ,324160,1284960,福江,長崎地方気象台,長崎県,47843,32.693333333333335,128.82666666666665,長崎県,84.0
887,4,73,4,ﾏﾂﾔﾏ,335060,1324660,松山,松山地方気象台,愛媛県,47887,33.843333333333334,132.77666666666667,愛媛県,73.0
890,4,72,5,ﾀﾄﾞﾂ,341650,1334510,多度津,多度津測候所,香川県,47890,34.275,133.75166666666667,香川県,72.0
890,4,72,8,ﾀﾄﾞﾂ,341650,1334510,多度津,高松地方気象台,香川県,47890,34.275,133.75166666666667,香川県,72.0
891,4,72,2,ﾀｶﾏﾂ,341900,1340320,高松,高松地方気象台,香川県,47891,34.31666666666667,134.05333333333334,香川県,72.0
891,4,72,2,ﾀｶﾏﾂ,341910,1340320,高松,高松地方気象台,香川県,47891,34.318333333333335,134.05333333333334,香川県,72.0
892,4,73,5,ｳﾜｼﾞﾏ,331420,1323280,宇和島,宇和島測候所,愛媛県,47892,33.236666666666665,132.54666666666665,愛媛県,73.0
892,4,73,5,ｳﾜｼﾞﾏ,331360,1323310,宇和島,宇和島測候所,愛媛県,47892,33.22666666666667,132.55166666666668,愛媛県,73.0
892,4,73,8,ｳﾜｼﾞﾏ,331360,1323310,宇和島,松山地方気象台,愛媛県,47892,33.22666666666667,132.55166666666668,愛媛県,73.0
893,4,74,4,ｺｳﾁ,333400,1333290,高知,高知地方気象台,高知県,47893,33.56666666666667,133.54833333333335,高知県,74.0
894,4,71,5,ﾂﾙｷﾞｻﾝ,335120,1340580,剣山,剣山測候所,徳島県,47894,33.85333333333333,134.09666666666666,徳島県,71.0
895,4,71,4,ﾄｸｼﾏ,340400,1343440,徳島,徳島地方気象台,徳島県,47895,34.06666666666667,134.57333333333332,徳島県,71.0
897,4,74,5,ｽｸﾓ,325520,1324170,宿毛,宿毛測候所,高知県,47897,32.92,132.695,高知県,74.0
897,4,74,8,ｽｸﾓ,325520,1324170,宿毛,高知地方気象台,高知県,47897,32.92,132.695,高知県,74.0
898,4,74,5,ｱｼｽﾞﾘ,324330,1330060,清水／足摺,清水測候所足摺分,高知県,47898,32.721666666666664,133.01,高知県,74.0
898,4,74,5,ｼﾐｽﾞ,324330,1330060,清水,清水測候所,高知県,47898,32.721666666666664,133.01,高知県,74.0
898,4,74,8,ｼﾐｽﾞ,324330,1330060,清水,高知地方気象台,高知県,47898,32.721666666666664,133.01,高知県,74.0
899,4,74,5,ﾑﾛﾄﾐｻｷ,331510,1341060,室戸岬,室戸岬測候所,高知県,47899,33.251666666666665,134.17666666666668,高知県,74.0
899,4,74,8,ﾑﾛﾄﾐｻｷ,331510,1341060,室戸岬,高知地方気象台,高知県,47899,33.251666666666665,134.17666666666668,高知県,74.0
909,5,88,5,ﾅｾﾞ,282270,1292970,名瀬,名瀬測候所,鹿児島県,47909,28.378333333333334,129.495,鹿児島県,88.0
912,6,94,5,ﾖﾅｸﾞﾆｼﾞﾏ,242800,1230060,与那国島,与那国島測候所,沖縄県,47912,24.466666666666665,123.01,沖縄県,91.0
912,6,94,8,ﾖﾅｸﾞﾆｼﾞﾏ,242800,1230060,与那国島,石垣島地方気象台,沖縄県,47912,24.466666666666665,123.01,沖縄県,91.0
917,6,94,5,ｲﾘｵﾓﾃｼﾞﾏ,242560,1234590,西表島,西表島測候所,沖縄県,47917,24.426666666666666,123.765,沖縄県,91.0
917,6,94,8,ｲﾘｵﾓﾃｼﾞﾏ,242560,1234590,西表島,石垣島地方気象台,沖縄県,47917,24.426666666666666,123.765,沖縄県,91.0
918,6,94,4,ｲｼｶﾞｷｼﾞﾏ,242020,1240980,石垣島,石垣島地方気象台,沖縄県,47918,24.336666666666666,124.16333333333333,沖縄県,91.0
927,6,93,4,ﾐﾔｺｼﾞﾏ,244760,1251660,宮古島,宮古島地方気象台,沖縄県,47927,24.793333333333333,125.27666666666667,沖縄県,91.0
927,6,93,4,ﾐﾔｺｼﾞﾏ,244760,1251670,宮古島,宮古島地方気象台,沖縄県,47927,24.793333333333333,125.27833333333334,沖縄県,91.0
929,6,91,5,ｸﾒｼﾞﾏ,262020,1264820,久米島,久米島測候所,沖縄県,47929,26.336666666666666,126.80333333333333,沖縄県,91.0
929,6,91,8,ｸﾒｼﾞﾏ,262020,1264820,久米島,沖縄気象台,沖縄県,47929,26.336666666666666,126.80333333333333,沖縄県,91.0
936,6,91,1,ﾅﾊ,261240,1274110,那覇,沖縄気象台,沖縄県,47936,26.206666666666667,127.685,沖縄県,91.0
936,6,91,1,ﾅﾊ,261240,1274120,那覇,沖縄気象台,沖縄県,47936,26.206666666666667,127.68666666666667,沖縄県,91.0
940,6,91,5,ﾅｺﾞ,263560,1275790,名護,名護測候所,沖縄県,47940,26.593333333333334,127.965,沖縄県,91.0
940,6,91,8,ﾅｺﾞ,263560,1275790,名護,沖縄気象台,沖縄県,47940,26.593333333333334,127.965,沖縄県,91.0
942,5,88,5,ｵｷﾉｴﾗﾌﾞ,272580,1284100,沖永良部,沖永良部測候所,鹿児島県,47942,27.43,128.68333333333334,鹿児島県,88.0
942,5,88,5,ｵｷﾉｴﾗﾌﾞ,272590,1284230,沖永良部,沖永良部測候所,鹿児島県,47942,27.431666666666665,128.705,鹿児島県,88.0
942,5,88,8,ｵｷﾉｴﾗﾌﾞ,272590,1284230,沖永良部,鹿児島地方気象台,鹿児島県,47942,27.431666666666665,128.705,鹿児島県,88.0
945,6,92,4,ﾐﾅﾐﾀﾞｲﾄｳ,254970,1311360,南大東島,南大東島地方気象,沖縄県,47945,25.828333333333333,131.22666666666666,沖縄県,91.0
945,6,92,4,ﾐﾅﾐﾀﾞｲﾄｳ,254970,1311370,南大東島,南大東島地方気象,沖縄県,47945,25.828333333333333,131.22833333333332,沖縄県,91.0
971,7,44,6,ﾁﾁｼﾞﾏ,270550,1421140,父島,父島気象観測所,東京都,47971,27.091666666666665,142.19,東京都,44.0
991,7,44,6,ﾐﾅﾐﾄﾘｼﾏ,241820,1535770,南鳥島,南鳥島気象観測所,東京都,47991,24.303333333333335,153.96166666666667,東京都,44.0
991,7,44,6,ﾐﾅﾐﾄﾘｼﾏ,241730,1535900,南鳥島,南鳥島気象観測所,東京都,47991,24.288333333333334,153.98333333333332,東京都,44.0
532,8,,7,ｼｮｳﾜ,690030,0393480,昭和,昭和基地,南極,47532,69.005,39.58,,
